size,time_pygad
3,0.5840117931365967
4,1.2409923076629639
5,2.4520161151885986
6,3.525294542312622
7,5.571996212005615
8,14.048972606658936