size,time_roj
3,0.2980022430419922
4,6.337990999221802
5,16.884998559951782
6,151.11300134658813
7,5839.110777854919